videoId,totalWords,totalUniqueWords,totalSentences,avgSyllPerSec,avgCEFRScore,avgWordCEFR,avgFreqCEFR,readability,avgSentenceLength,uncommonRatio,totalEasyRatio,totalMiddleRatio,totalHardRatio,wordEasyRatio,wordMiddleRatio,wordHardRatio,FreqEasyRatio,FreqMiddleRatio,FreqHardRatio,channelId
P4DZ5QwJLgA,101,79,18,0.6406998049530115,2.491139240506329,2.4240506329113924,2.5358649789029535,4.075906047819973,5.611111111111111,24.050632911392405,61.01265822784811,19.49367088607595,19.493670886075947,65.82278481012658,13.924050632911392,20.253164556962023,57.805907172995774,23.206751054852322,18.9873417721519,UCDCNmuaOXOo25Yn4mbMHhhQ
