videoId,totalWords,totalUniqueWords,totalSentences,avgSyllPerSec,avgCEFRScore,avgWordCEFR,avgFreqCEFR,readability,avgSentenceLength,uncommonRatio,totalEasyRatio,totalMiddleRatio,totalHardRatio,wordEasyRatio,wordMiddleRatio,wordHardRatio,FreqEasyRatio,FreqMiddleRatio,FreqHardRatio,channelId
_5Ggbkxx1nk,4,2,1,0.08303406472505345,1.7,1.25,2.0,0.1984,4.0,0.0,90.0,10.0,0.0,40.0,0.0,0.0,50.0,10.0,0.0,UCXx_j6wUS3Vos8EX3XrgbUg
78OO1dT3ccc,25,22,1,1.4237770771890572,2.4,2.1136363636363638,2.5909090909090904,5.546363636363637,25.0,27.27272727272727,69.0909090909091,11.81818181818182,19.090909090909093,31.818181818181813,0.9090909090909092,7.272727272727273,37.27272727272727,10.90909090909091,11.818181818181817,UCXx_j6wUS3Vos8EX3XrgbUg
